Date,3M,6M,1Y,2Y,3Y,4Y,5Y,6Y,7Y,8Y,9Y,10Y,15Y,20Y,30Y
12/31/2021,0.044,0.18,0.381,0.732,0.968,1.154,1.265,1.368,1.441,1.473,1.497,1.527,1.828,1.975,1.918
11/30/2021,0.049,0.098,0.26,0.549,0.842,1.039,1.158,1.285,1.377,1.406,1.429,1.45,1.746,1.893,1.801
10/29/2021,0.052,0.059,0.164,0.488,0.767,1.035,1.196,1.357,1.472,1.515,1.549,1.589,1.878,2.016,1.952
9/30/2021,0.035,0.048,0.098,0.285,0.536,0.818,0.988,1.184,1.325,1.413,1.481,1.544,1.899,2.074,2.133
8/31/2021,0.039,0.05,0.082,0.206,0.416,0.642,0.778,0.961,1.092,1.189,1.264,1.327,1.712,1.903,1.982
7/30/2021,0.045,0.049,0.076,0.187,0.356,0.57,0.698,0.881,1.012,1.115,1.195,1.273,1.682,1.882,1.967
6/30/2021,0.043,0.051,0.082,0.245,0.469,0.728,0.885,1.089,1.236,1.34,1.421,1.493,1.886,2.079,2.139
5/31/2021,0.013,0.029,0.044,0.139,0.311,0.613,0.793,1.066,1.262,1.409,1.523,1.618,2.056,2.274,2.343
4/30/2021,0.009,0.025,0.055,0.161,0.35,0.663,0.85,1.126,1.324,1.464,1.573,1.668,2.057,2.249,2.366
3/31/2021,0.017,0.033,0.062,0.157,0.361,0.719,0.935,1.22,1.425,1.567,1.677,1.77,2.18,2.382,2.476
2/26/2021,0.037,0.048,0.076,0.125,0.277,0.548,0.709,0.947,1.118,1.237,1.33,1.407,1.853,2.076,2.185
1/29/2021,0.052,0.068,0.081,0.113,0.186,0.34,0.432,0.63,0.774,0.913,1.021,1.116,1.512,1.71,1.919
12/31/2020,0.072,0.083,0.107,0.123,0.174,0.291,0.362,0.53,0.65,0.77,0.861,0.94,1.307,1.491,1.721
11/30/2020,0.075,0.091,0.111,0.148,0.196,0.303,0.367,0.518,0.626,0.724,0.801,0.865,1.231,1.415,1.652
10/30/2020,0.089,0.099,0.125,0.153,0.201,0.315,0.383,0.535,0.645,0.748,0.829,0.905,1.284,1.476,1.737
9/30/2020,0.095,0.103,0.119,0.128,0.16,0.232,0.276,0.391,0.473,0.567,0.64,0.705,1.081,1.271,1.531
8/31/2020,0.103,0.11,0.12,0.135,0.155,0.229,0.274,0.404,0.497,0.59,0.663,0.724,1.102,1.291,1.551
7/31/2020,0.091,0.097,0.11,0.11,0.124,0.181,0.215,0.32,0.396,0.46,0.511,0.562,0.86,1.011,1.254
6/30/2020,0.135,0.153,0.154,0.153,0.178,0.246,0.287,0.408,0.494,0.566,0.623,0.676,1.035,1.216,1.473
5/29/2020,0.14,0.157,0.165,0.16,0.193,0.26,0.3,0.416,0.499,0.565,0.616,0.66,1.032,1.218,1.479
4/30/2020,0.096,0.111,0.165,0.192,0.245,0.314,0.356,0.46,0.535,0.586,0.626,0.673,1.016,1.187,1.358
3/31/2020,0.101,0.142,0.162,0.237,0.286,0.339,0.371,0.472,0.544,0.607,0.656,0.704,1.057,1.234,1.411
2/28/2020,1.264,1.101,0.966,0.888,0.874,0.899,0.913,0.992,1.048,1.087,1.117,1.143,1.428,1.571,1.713
1/31/2020,1.541,1.519,1.427,1.317,1.296,1.307,1.314,1.377,1.421,1.46,1.49,1.526,1.789,1.921,2.052
12/31/2019,1.538,1.573,1.563,1.56,1.605,1.655,1.685,1.77,1.831,1.868,1.898,1.929,2.187,2.317,2.446
11/29/2019,1.576,1.603,1.587,1.603,1.601,1.612,1.619,1.68,1.724,1.745,1.761,1.777,2.015,2.135,2.254
10/31/2019,1.53,1.538,1.501,1.516,1.508,1.509,1.51,1.563,1.601,1.64,1.67,1.707,1.972,2.104,2.237
9/30/2019,1.811,1.8,1.731,1.616,1.552,1.543,1.539,1.584,1.616,1.639,1.656,1.678,1.92,2.041,2.162
8/30/2019,1.968,1.864,1.733,1.498,1.42,1.396,1.381,1.419,1.446,1.467,1.483,1.499,1.757,1.887,2.016
7/31/2019,2.056,2.06,1.969,1.864,1.818,1.818,1.818,1.87,1.907,1.956,1.993,2.036,2.321,2.463,2.605
6/28/2019,2.08,2.074,1.905,1.743,1.702,1.737,1.758,1.824,1.871,1.931,1.977,2.022,2.316,2.463,2.61
5/31/2019,2.335,2.326,2.179,1.916,1.872,1.895,1.909,1.975,2.022,2.07,2.108,2.14,2.386,2.509,2.632
4/30/2019,2.405,2.425,2.353,2.249,2.226,2.249,2.263,2.331,2.38,2.434,2.476,2.518,2.756,2.875,2.994
3/29/2019,2.383,2.405,2.374,2.25,2.192,2.206,2.215,2.264,2.299,2.341,2.374,2.406,2.636,2.751,2.866
2/28/2019,2.429,2.488,2.519,2.501,2.477,2.49,2.497,2.563,2.61,2.653,2.687,2.716,2.924,3.028,3.133
1/31/2019,2.384,2.44,2.529,2.439,2.418,2.419,2.419,2.469,2.505,2.558,2.6,2.64,2.847,2.95,3.054
12/31/2018,2.366,2.472,2.567,2.471,2.442,2.475,2.495,2.541,2.574,2.62,2.655,2.688,2.875,2.968,3.062
11/30/2018,2.342,2.508,2.677,2.781,2.802,2.81,2.816,2.865,2.9,2.94,2.971,2.997,3.169,3.255,3.341
10/31/2018,2.319,2.472,2.665,2.854,2.912,2.943,2.963,3.016,3.053,3.09,3.118,3.145,3.278,3.344,3.41
9/28/2018,2.194,2.349,2.57,2.793,2.861,2.901,2.925,2.968,2.998,3.015,3.028,3.04,3.121,3.161,3.201
8/31/2018,2.088,2.248,2.449,2.607,2.679,2.708,2.726,2.772,2.804,2.824,2.84,2.854,2.943,2.988,3.033
7/31/2018,2.004,2.168,2.416,2.65,2.752,2.801,2.831,2.877,2.91,2.926,2.939,2.951,3.016,3.048,3.081
6/29/2018,1.924,2.101,2.31,2.508,2.606,2.676,2.718,2.769,2.804,2.822,2.835,2.848,2.92,2.957,2.993
5/31/2018,1.902,2.067,2.219,2.408,2.538,2.623,2.675,2.742,2.79,2.813,2.832,2.847,2.939,2.985,3.031
4/30/2018,1.817,2.009,2.229,2.474,2.619,2.725,2.788,2.857,2.906,2.924,2.937,2.952,3.043,3.089,3.135
3/30/2018,1.717,1.911,2.079,2.252,2.377,2.487,2.553,2.627,2.68,2.704,2.722,2.74,2.87,2.934,2.999
2/28/2018,1.651,1.843,2.048,2.239,2.403,2.548,2.634,2.728,2.794,2.823,2.845,2.864,3.01,3.083,3.156
1/31/2018,1.454,1.643,1.877,2.133,2.282,2.424,2.509,2.589,2.647,2.671,2.69,2.71,2.834,2.896,2.958
12/29/2017,1.373,1.524,1.744,1.874,1.968,2.114,2.201,2.277,2.331,2.363,2.388,2.412,2.597,2.689,2.781
11/30/2017,1.256,1.433,1.625,1.778,1.893,2.044,2.135,2.237,2.31,2.354,2.389,2.418,2.652,2.769,2.885
10/31/2017,1.129,1.271,1.438,1.596,1.732,1.91,2.017,2.146,2.239,2.306,2.359,2.411,2.683,2.819,2.955
9/29/2017,1.048,1.186,1.305,1.479,1.627,1.82,1.936,2.076,2.177,2.251,2.308,2.36,2.65,2.796,2.941
8/31/2017,0.992,1.072,1.226,1.325,1.435,1.602,1.702,1.847,1.951,2.029,2.089,2.14,2.481,2.651,2.821
7/31/2017,1.079,1.135,1.219,1.348,1.517,1.719,1.839,2.006,2.126,2.209,2.275,2.339,2.672,2.838,3.005
6/30/2017,1.017,1.132,1.232,1.378,1.553,1.763,1.889,2.041,2.149,2.224,2.281,2.334,2.629,2.776,2.923
5/31/2017,0.971,1.064,1.154,1.28,1.442,1.637,1.754,1.914,2.028,2.112,2.176,2.23,2.604,2.791,2.978
4/28/2017,0.793,0.967,1.061,1.259,1.451,1.679,1.817,1.985,2.105,2.191,2.257,2.323,2.696,2.883,3.069
3/31/2017,0.756,0.899,1.019,1.253,1.502,1.767,1.926,2.1,2.225,2.303,2.364,2.421,2.77,2.945,3.119
2/28/2017,0.604,0.736,0.881,1.259,1.533,1.784,1.935,2.111,2.238,2.311,2.368,2.415,2.759,2.931,3.102
1/31/2017,0.514,0.628,0.821,1.204,1.479,1.755,1.92,2.124,2.269,2.36,2.43,2.497,2.832,3,3.168
12/30/2016,0.496,0.61,0.857,1.185,1.465,1.758,1.933,2.126,2.265,2.35,2.416,2.476,2.825,2.999,3.173
11/30/2016,0.477,0.605,0.811,1.113,1.409,1.683,1.849,2.06,2.211,2.292,2.355,2.407,2.778,2.964,3.149
10/31/2016,0.321,0.5,0.662,0.841,1.001,1.195,1.31,1.496,1.629,1.723,1.795,1.869,2.276,2.48,2.684
9/30/2016,0.29,0.432,0.6,0.761,0.883,1.05,1.15,1.314,1.431,1.507,1.566,1.623,2.017,2.214,2.41
8/31/2016,0.331,0.457,0.607,0.806,0.934,1.1,1.2,1.354,1.464,1.518,1.56,1.596,1.956,2.135,2.315
7/29/2016,0.26,0.372,0.498,0.66,0.758,0.895,1.033,1.17,1.308,1.369,1.431,1.489,1.685,1.894,2.352
6/30/2016,0.264,0.356,0.441,0.587,0.705,0.857,1.01,1.155,1.301,1.37,1.439,1.506,1.726,1.96,2.486
5/31/2016,0.299,0.458,0.681,0.884,1.047,1.217,1.388,1.54,1.694,1.758,1.824,1.888,2.108,2.344,2.89
4/29/2016,0.216,0.388,0.556,0.788,0.949,1.128,1.309,1.477,1.647,1.729,1.811,1.887,2.118,2.367,2.935
3/31/2016,0.204,0.382,0.586,0.727,0.867,1.042,1.219,1.39,1.563,1.649,1.735,1.818,2.047,2.295,2.863
2/29/2016,0.328,0.478,0.614,0.78,0.905,1.064,1.226,1.384,1.544,1.621,1.699,1.776,2.017,2.277,2.878
1/29/2016,0.317,0.433,0.473,0.778,0.981,1.161,1.343,1.521,1.7,1.797,1.894,1.981,2.205,2.449,3.005
12/31/2015,0.169,0.479,0.629,1.057,1.33,1.557,1.787,1.962,2.139,2.203,2.269,2.332,2.537,2.762,3.286
11/30/2015,0.193,0.395,0.508,0.95,1.258,1.471,1.687,1.868,2.051,2.128,2.207,2.285,2.494,2.723,3.263
10/30/2015,0.078,0.23,0.345,0.754,1.043,1.291,1.541,1.734,1.929,2.027,2.126,2.214,2.426,2.659,3.195
9/30/2015,0,0.081,0.328,0.643,0.929,1.158,1.388,1.587,1.789,1.899,2.011,2.115,2.336,2.577,3.139
8/31/2015,0.033,0.238,0.394,0.734,1.061,1.307,1.555,1.764,1.976,2.075,2.176,2.275,2.477,2.7,3.225
7/31/2015,0.067,0.149,0.325,0.667,0.994,1.272,1.554,1.757,1.962,2.063,2.165,2.255,2.451,2.666,3.162
6/30/2015,0.015,0.115,0.276,0.649,1.03,1.348,1.67,1.899,2.131,2.232,2.335,2.432,2.64,2.872,3.42
5/29/2015,0.006,0.067,0.252,0.609,0.945,1.225,1.509,1.709,1.912,2.003,2.095,2.187,2.392,2.619,3.149
4/30/2015,0.005,0.051,0.23,0.582,0.931,1.197,1.467,1.659,1.854,1.943,2.034,2.114,2.303,2.51,2.98
3/31/2015,0.03,0.141,0.253,0.568,0.907,1.153,1.403,1.577,1.753,1.831,1.911,1.985,2.147,2.323,2.721
2/27/2015,0.016,0.072,0.219,0.623,1.016,1.268,1.523,1.69,1.858,1.92,1.982,2.044,2.204,2.377,2.775
1/30/2015,0.006,0.052,0.161,0.453,0.751,0.96,1.17,1.329,1.489,1.556,1.624,1.685,1.839,2.004,2.367
12/31/2014,0.046,0.121,0.243,0.671,1.095,1.387,1.684,1.85,2.02,2.092,2.165,2.234,2.388,2.558,2.946
11/28/2014,0.016,0.071,0.137,0.472,0.868,1.185,1.506,1.717,1.929,2.031,2.134,2.236,2.43,2.645,3.149
10/31/2014,0.011,0.051,0.113,0.497,0.946,1.292,1.642,1.868,2.098,2.211,2.325,2.425,2.621,2.839,3.348
9/30/2014,0.025,0.04,0.118,0.577,1.07,1.436,1.807,2.04,2.278,2.383,2.489,2.589,2.778,2.992,3.498
8/29/2014,0.025,0.051,0.101,0.491,0.953,1.302,1.657,1.876,2.099,2.208,2.318,2.427,2.624,2.844,3.369
7/31/2014,0.025,0.051,0.126,0.537,1.027,1.407,1.793,2.047,2.305,2.43,2.557,2.667,2.872,3.104,3.656
6/30/2014,0.027,0.067,0.112,0.462,0.892,1.276,1.665,1.932,2.204,2.351,2.502,2.642,2.864,3.117,3.728
5/30/2014,0.036,0.051,0.098,0.377,0.797,1.181,1.571,1.845,2.124,2.276,2.43,2.584,2.812,3.071,3.705
4/30/2014,0.03,0.046,0.107,0.415,0.877,1.292,1.714,2.008,2.308,2.469,2.632,2.773,2.989,3.238,3.837
3/31/2014,0.037,0.062,0.137,0.423,0.896,1.324,1.758,2.067,2.382,2.539,2.699,2.848,3.072,3.331,3.967
2/28/2014,0.051,0.076,0.119,0.321,0.689,1.108,1.534,1.862,2.197,2.39,2.587,2.783,3.033,3.323,4.05
1/31/2014,0.026,0.056,0.106,0.333,0.689,1.102,1.522,1.857,2.199,2.403,2.611,2.788,3.044,3.34,4.068
12/31/2013,0.071,0.091,0.131,0.385,0.794,1.285,1.786,2.165,2.552,2.774,3,3.209,3.458,3.755,4.517
11/29/2013,0.062,0.107,0.129,0.286,0.566,0.978,1.397,1.781,2.173,2.414,2.661,2.906,3.194,3.53,4.401
10/31/2013,0.041,0.081,0.105,0.31,0.593,0.973,1.359,1.696,2.039,2.269,2.503,2.704,2.998,3.337,4.18
9/30/2013,0.011,0.032,0.099,0.322,0.637,1.023,1.414,1.744,2.079,2.308,2.542,2.757,3.049,3.386,4.237
8/30/2013,0.025,0.056,0.129,0.403,0.806,1.239,1.679,2.003,2.333,2.53,2.731,2.93,3.174,3.459,4.179
7/31/2013,0.041,0.071,0.116,0.314,0.616,1.011,1.411,1.741,2.077,2.304,2.535,2.733,3.022,3.355,4.183
6/28/2013,0.036,0.097,0.148,0.359,0.666,1.04,1.42,1.709,2.003,2.209,2.418,2.612,2.888,3.202,3.98
5/31/2013,0.031,0.066,0.133,0.298,0.501,0.766,1.033,1.298,1.567,1.786,2.009,2.229,2.545,2.898,3.777
4/30/2013,0.051,0.081,0.114,0.212,0.319,0.5,0.682,0.905,1.13,1.343,1.56,1.748,2.078,2.438,3.294
3/29/2013,0.076,0.107,0.134,0.246,0.36,0.565,0.772,1.014,1.258,1.486,1.719,1.937,2.282,2.664,3.598
2/28/2013,0.112,0.132,0.162,0.243,0.354,0.561,0.769,1.016,1.267,1.492,1.721,1.948,2.279,2.645,3.545
1/31/2013,0.076,0.112,0.145,0.27,0.422,0.658,0.896,1.161,1.43,1.661,1.896,2.098,2.423,2.785,3.661
12/31/2012,0.049,0.117,0.148,0.251,0.363,0.546,0.731,0.967,1.205,1.419,1.636,1.838,2.164,2.523,3.386
11/30/2012,0.082,0.132,0.176,0.25,0.331,0.477,0.623,0.841,1.061,1.266,1.474,1.68,2.006,2.362,3.219
10/31/2012,0.117,0.162,0.177,0.286,0.395,0.567,0.74,0.96,1.182,1.391,1.603,1.786,2.105,2.454,3.28
9/28/2012,0.097,0.132,0.159,0.234,0.315,0.472,0.63,0.849,1.07,1.285,1.503,1.706,2.031,2.386,3.233
8/31/2012,0.077,0.132,0.164,0.225,0.3,0.447,0.596,0.806,1.018,1.214,1.413,1.609,1.914,2.245,3.033
7/31/2012,0.106,0.142,0.163,0.212,0.289,0.441,0.593,0.795,0.999,1.187,1.377,1.542,1.834,2.15,2.879
6/29/2012,0.087,0.158,0.209,0.305,0.404,0.564,0.725,0.925,1.126,1.325,1.527,1.714,2.015,2.344,3.121
5/31/2012,0.071,0.127,0.183,0.274,0.362,0.518,0.675,0.855,1.038,1.233,1.432,1.628,1.921,2.241,2.996
4/30/2012,0.099,0.148,0.188,0.262,0.388,0.603,0.819,1.086,1.356,1.583,1.814,2.015,2.344,2.71,3.592
3/30/2012,0.072,0.137,0.182,0.333,0.516,0.783,1.053,1.35,1.653,1.879,2.109,2.323,2.631,2.978,3.835
2/29/2012,0.081,0.132,0.17,0.302,0.43,0.658,0.888,1.162,1.44,1.651,1.867,2.08,2.383,2.72,3.545
1/31/2012,0.056,0.081,0.122,0.219,0.307,0.513,0.72,0.997,1.279,1.494,1.712,1.901,2.211,2.554,3.366
12/30/2011,0.016,0.061,0.113,0.243,0.367,0.603,0.841,1.108,1.378,1.575,1.776,1.961,2.236,2.54,3.261
11/30/2011,0.005,0.056,0.117,0.254,0.403,0.679,0.957,1.252,1.552,1.75,1.951,2.15,2.416,2.714,3.434
10/31/2011,0.056,0.057,0.116,0.25,0.413,0.706,1.003,1.314,1.63,1.847,2.069,2.258,2.531,2.838,3.572
9/30/2011,0.026,0.056,0.11,0.247,0.417,0.69,0.965,1.216,1.47,1.649,1.83,1.999,2.269,2.567,3.275
8/31/2011,0.015,0.046,0.104,0.2,0.334,0.652,0.974,1.289,1.609,1.85,2.096,2.339,2.724,3.159,4.291
7/29/2011,0.097,0.158,0.205,0.359,0.557,0.965,1.379,1.771,2.172,2.45,2.734,2.98,3.349,3.782,4.929
6/30/2011,0.021,0.102,0.189,0.459,0.823,1.309,1.803,2.197,2.601,2.856,3.117,3.36,3.696,4.098,5.186
5/31/2011,0.035,0.114,0.19,0.481,0.818,1.278,1.746,2.115,2.492,2.743,3.001,3.257,3.576,3.956,4.981
4/29/2011,0.046,0.106,0.218,0.61,1.024,1.516,2.017,2.396,2.784,3.029,3.28,3.498,3.803,4.169,5.143
3/31/2011,0.097,0.178,0.313,0.849,1.355,1.844,2.343,2.696,3.058,3.267,3.482,3.683,3.966,4.309,5.233
2/28/2011,0.146,0.173,0.269,0.69,1.198,1.692,2.196,2.573,2.959,3.181,3.408,3.637,3.93,4.286,5.261
1/31/2011,0.158,0.17,0.26,0.571,1.002,1.498,2.003,2.414,2.836,3.104,3.379,3.616,3.946,4.347,5.441
12/31/2010,0.131,0.192,0.286,0.603,1.022,1.537,2.061,2.433,2.815,3.045,3.28,3.498,3.78,4.12,5.024
11/30/2010,0.171,0.206,0.27,0.469,0.733,1.117,1.507,1.869,2.239,2.479,2.725,2.969,3.338,3.767,4.926
10/29/2010,0.121,0.172,0.215,0.343,0.514,0.848,1.186,1.565,1.954,2.234,2.52,2.768,3.155,3.604,4.784
9/30/2010,0.165,0.198,0.261,0.431,0.659,0.977,1.299,1.632,1.971,2.199,2.433,2.65,2.974,3.345,4.287
8/31/2010,0.147,0.195,0.242,0.478,0.719,1.035,1.356,1.664,1.978,2.18,2.387,2.591,2.876,3.201,4.017
7/30/2010,0.151,0.202,0.284,0.555,0.849,1.236,1.63,2.005,2.388,2.627,2.872,3.081,3.377,3.723,4.611
6/30/2010,0.181,0.227,0.315,0.611,0.993,1.4,1.814,2.154,2.502,2.7,2.903,3.09,3.348,3.651,4.42
5/31/2010,0.165,0.229,0.355,0.777,1.271,1.704,2.145,2.498,2.86,3.06,3.265,3.469,3.715,4.01,4.788
4/30/2010,0.165,0.243,0.42,0.973,1.525,2,2.485,2.86,3.246,3.463,3.687,3.878,4.104,4.385,5.126
3/31/2010,0.16,0.241,0.425,1.029,1.617,2.112,2.619,3.017,3.426,3.64,3.862,4.067,4.299,4.591,5.388
2/26/2010,0.126,0.189,0.325,0.82,1.366,1.86,2.365,2.772,3.189,3.401,3.617,3.835,4.085,4.395,5.243
1/29/2010,0.08,0.153,0.307,0.822,1.387,1.882,2.387,2.785,3.194,3.406,3.622,3.808,4.046,4.341,5.118
12/31/2009,0.058,0.197,0.474,1.152,1.725,2.237,2.761,3.145,3.54,3.714,3.894,4.061,4.269,4.532,5.236
11/30/2009,0.062,0.16,0.266,0.674,1.134,1.588,2.051,2.419,2.796,2.987,3.182,3.376,3.646,3.967,4.816
10/30/2009,0.056,0.167,0.37,0.901,1.431,1.896,2.371,2.728,3.094,3.257,3.423,3.566,3.791,4.061,4.751
9/30/2009,0.118,0.178,0.402,0.959,1.463,1.914,2.374,2.71,3.054,3.193,3.337,3.469,3.664,3.899,4.492
8/31/2009,0.14,0.238,0.433,0.983,1.51,1.976,2.451,2.801,3.159,3.292,3.43,3.566,3.772,4.021,4.665
7/31/2009,0.187,0.261,0.482,1.128,1.631,2.104,2.585,2.925,3.273,3.404,3.538,3.656,3.876,4.141,4.817
6/30/2009,0.198,0.348,0.536,1.125,1.663,2.141,2.628,2.98,3.342,3.464,3.59,3.709,3.922,4.179,4.846
5/29/2009,0.142,0.29,0.481,0.925,1.44,1.916,2.402,2.79,3.187,3.337,3.49,3.643,3.878,4.162,4.914
4/30/2009,0.135,0.283,0.492,0.912,1.391,1.72,2.054,2.419,2.794,2.961,3.132,3.281,3.529,3.821,4.558
3/31/2009,0.211,0.421,0.566,0.807,1.147,1.414,1.685,1.998,2.317,2.474,2.635,2.784,3.019,3.288,3.948
2/27/2009,0.259,0.447,0.704,0.982,1.398,1.709,2.024,2.398,2.781,2.901,3.024,3.147,3.328,3.542,4.074
1/30/2009,0.238,0.352,0.504,0.959,1.361,1.637,1.917,2.13,2.345,2.565,2.79,2.98,3.186,3.427,3.971
12/31/2008,0.086,0.268,0.367,0.776,0.993,1.283,1.577,1.719,1.862,2.008,2.157,2.291,2.41,2.545,2.834
11/28/2008,0.056,0.431,0.911,0.992,1.285,1.615,1.951,2.166,2.385,2.608,2.837,3.063,3.188,3.342,3.696
10/31/2008,0.454,0.941,1.328,1.565,1.995,2.432,2.878,3.137,3.404,3.677,3.96,4.191,4.267,4.384,4.688
9/30/2008,0.915,1.604,1.802,1.981,2.331,2.686,3.048,3.234,3.425,3.621,3.822,4.004,4.12,4.271,4.646
8/29/2008,1.721,1.957,2.176,2.392,2.642,2.895,3.153,3.31,3.469,3.633,3.8,3.966,4.13,4.33,4.83
7/31/2008,1.67,1.874,2.272,2.537,2.787,3.041,3.3,3.46,3.625,3.793,3.966,4.112,4.282,4.49,5.002
6/30/2008,1.761,2.166,2.361,2.647,2.892,3.14,3.393,3.535,3.681,3.83,3.983,4.123,4.272,4.454,4.905
5/30/2008,1.891,2.018,2.235,2.673,2.943,3.218,3.497,3.636,3.777,3.922,4.071,4.218,4.401,4.622,5.186
4/30/2008,1.387,1.624,1.843,2.281,2.54,2.803,3.07,3.231,3.396,3.565,3.737,3.886,4.089,4.333,4.953
3/31/2008,1.334,1.492,1.527,1.598,1.889,2.184,2.483,2.698,2.916,3.139,3.368,3.58,3.82,4.107,4.851
2/29/2008,1.848,1.825,1.76,1.629,1.923,2.221,2.522,2.746,2.975,3.209,3.449,3.688,3.931,4.223,5
1/31/2008,1.952,2.064,2.08,2.112,2.341,2.573,2.808,2.996,3.187,3.383,3.583,3.753,3.957,4.2,4.771
12/31/2007,3.254,3.397,3.29,3.074,3.211,3.349,3.489,3.62,3.754,3.891,4.031,4.159,4.273,4.414,4.744
11/30/2007,3.158,3.357,3.246,3.021,3.158,3.297,3.437,3.558,3.682,3.807,3.936,4.063,4.183,4.328,4.67
10/31/2007,3.922,4.076,4.048,3.991,4.011,4.12,4.23,4.3,4.371,4.444,4.518,4.581,4.655,4.747,4.965
9/28/2007,3.81,4.085,4.067,4.031,4.103,4.208,4.314,4.391,4.469,4.549,4.631,4.705,4.77,4.851,5.052
8/31/2007,4.118,4.212,4.202,4.183,4.208,4.253,4.299,4.364,4.43,4.497,4.565,4.632,4.715,4.815,5.058
7/31/2007,4.951,4.98,4.845,4.57,4.56,4.589,4.618,4.66,4.703,4.747,4.792,4.829,4.875,4.93,5.06
6/29/2007,4.814,4.945,4.939,4.925,4.95,4.97,4.989,5.013,5.038,5.063,5.088,5.112,5.139,5.173,5.254
5/31/2007,4.742,4.958,4.964,4.977,4.929,4.921,4.913,4.922,4.93,4.939,4.948,4.957,4.996,5.04,5.143
4/30/2007,4.857,4.995,4.879,4.646,4.573,4.567,4.559,4.587,4.615,4.643,4.671,4.696,4.754,4.821,4.978
3/30/2007,5.038,5.072,4.925,4.628,4.581,4.586,4.59,4.615,4.641,4.667,4.693,4.718,4.779,4.848,5.016
2/28/2007,5.134,5.119,4.979,4.697,4.609,4.587,4.565,4.577,4.589,4.601,4.613,4.625,4.661,4.701,4.796
1/31/2007,5.114,5.147,5.093,4.982,4.901,4.878,4.854,4.857,4.86,4.863,4.865,4.869,4.904,4.941,5.018
12/29/2006,5.018,5.09,5.018,4.871,4.782,4.763,4.744,4.747,4.751,4.754,4.757,4.76,4.798,4.838,4.922
11/30/2006,5.03,5.093,4.95,4.662,4.549,4.518,4.486,4.491,4.496,4.5,4.504,4.509,4.545,4.583,4.663
10/31/2006,5.06,5.108,4.989,4.749,4.658,4.634,4.608,4.618,4.628,4.638,4.648,4.658,4.696,4.739,4.83
9/29/2006,4.884,5.005,4.918,4.742,4.664,4.646,4.627,4.64,4.652,4.665,4.678,4.69,4.734,4.782,4.889
8/31/2006,5.04,5.115,5.022,4.836,4.756,4.749,4.742,4.751,4.761,4.77,4.78,4.789,4.839,4.895,5.018
7/31/2006,5.082,5.153,5.108,5.017,4.975,4.966,4.956,4.977,4.998,5.019,5.04,5.058,5.083,5.113,5.182
6/30/2006,4.99,5.241,5.235,5.224,5.19,5.174,5.157,5.169,5.18,5.191,5.202,5.213,5.227,5.244,5.285
5/31/2006,4.843,5.072,5.084,5.106,5.099,5.099,5.099,5.12,5.14,5.161,5.183,5.204,5.236,5.274,5.367
4/28/2006,4.77,4.911,4.916,4.926,4.937,4.957,4.978,5.012,5.046,5.08,5.116,5.145,5.174,5.211,5.303
3/31/2006,4.616,4.815,4.838,4.884,4.881,4.876,4.872,4.881,4.89,4.899,4.908,4.916,4.928,4.942,4.976
2/28/2006,4.626,4.741,4.741,4.738,4.711,4.681,4.65,4.64,4.63,4.619,4.608,4.597,4.585,4.571,4.535
1/31/2006,4.47,4.582,4.581,4.575,4.533,4.517,4.502,4.518,4.534,4.549,4.565,4.581,4.647,4.721,4.794
12/30/2005,4.089,4.38,4.406,4.458,4.413,4.406,4.399,4.409,4.419,4.429,4.44,4.45,4.509,4.574,4.639
11/30/2005,3.942,4.307,4.361,4.467,4.447,4.456,4.466,4.482,4.499,4.516,4.533,4.551,4.637,4.733,4.831
10/31/2005,3.904,4.223,4.293,4.434,4.462,4.481,4.5,4.526,4.551,4.578,4.604,4.629,4.709,4.8,4.895
9/30/2005,3.553,3.927,4.025,4.222,4.224,4.232,4.241,4.272,4.303,4.335,4.367,4.398,4.493,4.601,4.716
8/31/2005,3.508,3.717,3.764,3.858,3.864,3.884,3.905,3.939,3.974,4.009,4.045,4.081,4.172,4.276,4.388
7/29/2005,3.408,3.686,3.812,4.069,4.125,4.15,4.176,4.211,4.247,4.284,4.321,4.354,4.426,4.508,4.6
6/30/2005,3.127,3.34,3.452,3.68,3.685,3.713,3.743,3.791,3.84,3.89,3.941,3.988,4.09,4.207,4.339
5/31/2005,2.96,3.123,3.288,3.621,3.674,3.73,3.787,3.841,3.895,3.951,4.008,4.064,4.19,4.334,4.502
4/29/2005,2.903,3.183,3.354,3.699,3.773,3.864,3.955,4.024,4.094,4.165,4.238,4.301,4.413,4.544,4.701
3/31/2005,2.778,3.131,3.362,3.83,3.992,4.117,4.241,4.311,4.382,4.455,4.53,4.599,4.693,4.806,4.945
2/28/2005,2.766,2.988,3.206,3.647,3.822,3.953,4.084,4.163,4.244,4.327,4.412,4.497,4.617,4.761,4.941
1/31/2005,2.48,2.737,2.929,3.315,3.472,3.616,3.761,3.858,3.958,4.06,4.164,4.254,4.414,4.604,4.847
12/31/2004,2.227,2.589,2.759,3.104,3.284,3.482,3.68,3.815,3.954,4.096,4.241,4.376,4.592,4.85,5.195
11/30/2004,2.211,2.376,2.594,3.036,3.308,3.54,3.773,3.916,4.063,4.214,4.368,4.523,4.755,5.036,5.423
10/29/2004,1.908,2.132,2.279,2.576,2.848,3.1,3.353,3.52,3.69,3.865,4.044,4.2,4.468,4.791,5.243
9/30/2004,1.712,1.997,2.21,2.638,2.924,3.186,3.448,3.613,3.783,3.956,4.134,4.3,4.572,4.899,5.37
8/31/2004,1.588,1.797,2.005,2.42,2.78,3.085,3.389,3.564,3.744,3.928,4.118,4.306,4.59,4.935,5.442
7/30/2004,1.449,1.762,2.077,2.713,3.124,3.459,3.795,3.97,4.151,4.336,4.527,4.692,4.938,5.243,5.702
6/30/2004,1.271,1.63,1.99,2.716,3.169,3.521,3.873,4.053,4.239,4.43,4.627,4.809,5.047,5.346,5.806
5/31/2004,1.085,1.396,1.785,2.57,3.138,3.523,3.907,4.093,4.284,4.482,4.685,4.888,5.119,5.414,5.877
4/30/2004,0.971,1.166,1.558,2.348,2.898,3.317,3.736,3.933,4.137,4.347,4.564,4.751,5.009,5.335,5.858
3/31/2004,0.946,1.012,1.204,1.59,2.012,2.436,2.859,3.09,3.328,3.571,3.821,4.055,4.366,4.747,5.364
2/27/2004,0.949,1.013,1.228,1.658,2.152,2.587,3.025,3.247,3.476,3.71,3.952,4.195,4.479,4.83,5.408
1/30/2004,0.918,1.004,1.281,1.839,2.353,2.796,3.24,3.461,3.688,3.922,4.163,4.369,4.636,4.969,5.526
12/31/2003,0.903,1.001,1.28,1.841,2.397,2.875,3.353,3.572,3.798,4.03,4.269,4.492,4.757,5.091,5.664
11/28/2003,0.939,1.045,1.384,2.066,2.605,3.03,3.457,3.668,3.886,4.11,4.341,4.574,4.83,5.153,5.719
10/31/2003,0.959,1.045,1.308,1.839,2.375,2.862,3.348,3.584,3.826,4.076,4.334,4.554,4.817,5.152,5.748
9/30/2003,0.931,1.006,1.161,1.473,1.949,2.431,2.914,3.158,3.408,3.665,3.931,4.177,4.478,4.852,5.526
8/29/2003,0.979,1.055,1.365,1.989,2.552,3.066,3.582,3.798,4.02,4.25,4.487,4.725,4.958,5.259,5.815
7/31/2003,0.948,1.023,1.267,1.76,2.31,2.867,3.372,3.63,3.895,4.169,4.452,4.694,4.995,5.378,6.116
6/30/2003,0.861,0.973,1.086,1.314,1.663,2.087,2.495,2.732,2.974,3.222,3.476,3.713,4.047,4.446,5.194
5/30/2003,1.108,1.094,1.174,1.335,1.596,1.972,2.347,2.579,2.815,3.056,3.304,3.551,3.87,4.249,4.961
4/30/2003,1.118,1.145,1.262,1.497,1.962,2.434,2.865,3.1,3.34,3.587,3.841,4.06,4.347,4.7,5.382
3/31/2003,1.119,1.128,1.25,1.497,1.935,2.38,2.807,3.041,3.28,3.526,3.779,4.015,4.336,4.728,5.505
2/28/2003,1.2,1.194,1.304,1.523,1.923,2.328,2.733,2.954,3.181,3.412,3.65,3.889,4.196,4.568,5.306
1/31/2003,1.18,1.195,1.365,1.707,2.167,2.634,3.055,3.278,3.506,3.74,3.981,4.186,4.453,4.783,5.447
12/31/2002,1.2,1.214,1.346,1.615,2.021,2.433,2.829,3.062,3.3,3.545,3.797,4.03,4.327,4.689,5.434
11/29/2002,1.221,1.288,1.55,2.08,2.503,2.934,3.365,3.568,3.775,3.989,4.209,4.43,4.681,4.996,5.656
10/31/2002,1.455,1.42,1.508,1.686,2.076,2.472,2.842,3.094,3.353,3.618,3.891,4.126,4.465,4.88,5.782
9/30/2002,1.555,1.513,1.575,1.7,2.012,2.329,2.638,2.861,3.089,3.321,3.56,3.783,4.116,4.515,5.37
8/30/2002,1.68,1.667,1.827,2.147,2.53,2.919,3.307,3.507,3.711,3.922,4.138,4.354,4.586,4.875,5.5
7/31/2002,1.7,1.687,1.877,2.259,2.71,3.17,3.588,3.821,4.06,4.306,4.561,4.721,4.966,5.278,5.983
6/28/2002,1.691,1.752,2.135,2.883,3.314,3.754,4.171,4.345,4.525,4.711,4.903,5.041,5.248,5.514,6.122
5/31/2002,1.733,1.895,2.341,3.243,3.654,4.073,4.492,4.648,4.81,4.978,5.152,5.287,5.445,5.655,6.144
4/30/2002,1.772,1.902,2.354,3.272,3.76,4.26,4.599,4.737,4.881,5.031,5.185,5.317,5.453,5.638,6.069
3/29/2002,1.786,2.105,2.654,3.768,4.209,4.659,4.993,5.112,5.237,5.367,5.502,5.627,5.727,5.87,6.216
2/28/2002,1.762,1.874,2.281,3.103,3.54,3.986,4.35,4.49,4.634,4.784,4.939,5.094,5.242,5.437,5.902
1/31/2002,1.762,1.915,2.342,3.205,3.66,4.126,4.534,4.684,4.839,5,5.167,5.265,5.356,5.489,5.813
12/31/2001,1.734,1.81,2.227,3.07,3.534,4.01,4.457,4.627,4.804,4.987,5.177,5.303,5.395,5.532,5.876
11/30/2001,1.781,1.796,2.155,2.879,3.31,3.751,4.19,4.346,4.506,4.672,4.844,4.975,5.114,5.298,5.753
10/31/2001,2.018,1.945,2.112,2.448,2.879,3.318,3.628,3.783,3.943,4.106,4.275,4.418,4.595,4.816,5.352
9/28/2001,2.375,2.36,2.533,2.88,3.26,3.647,3.953,4.116,4.283,4.454,4.631,4.797,5.043,5.35,6.143
8/31/2001,3.383,3.3,3.423,3.672,3.965,4.263,4.504,4.596,4.691,4.789,4.89,4.991,5.149,5.344,5.832
7/31/2001,3.529,3.466,3.548,3.844,4.12,4.401,4.653,4.774,4.899,5.028,5.162,5.245,5.371,5.534,5.956
6/29/2001,3.661,3.653,3.803,4.303,4.563,4.83,5.081,5.187,5.296,5.409,5.527,5.607,5.694,5.813,6.132
5/31/2001,3.621,3.57,3.706,4.25,4.508,4.773,5.037,5.143,5.254,5.369,5.487,5.578,5.672,5.801,6.148
4/30/2001,3.891,3.957,3.985,4.335,4.588,4.848,5.033,5.127,5.224,5.325,5.428,5.518,5.644,5.807,6.246
3/30/2001,4.289,4.137,4.126,4.23,4.382,4.536,4.662,4.737,4.814,4.894,4.975,5.052,5.211,5.402,5.908
2/28/2001,4.864,4.701,4.472,4.44,4.545,4.651,4.742,4.792,4.844,4.896,4.951,5.005,5.133,5.284,5.676
1/31/2001,5.001,4.801,4.593,4.628,4.703,4.779,4.856,4.939,5.023,5.11,5.198,5.255,5.37,5.511,5.849
12/29/2000,5.898,5.706,5.351,5.158,5.114,5.069,5.032,5.067,5.102,5.138,5.173,5.204,5.319,5.45,5.757
11/30/2000,6.207,6.175,5.915,5.686,5.62,5.552,5.486,5.499,5.511,5.523,5.535,5.546,5.596,5.651,5.776
10/31/2000,6.394,6.403,6.145,5.999,5.954,5.908,5.877,5.866,5.855,5.843,5.83,5.821,5.839,5.856,5.892
9/29/2000,6.216,6.278,6.091,6.07,6.017,5.962,5.924,5.914,5.904,5.894,5.883,5.874,5.909,5.945,6.026
8/31/2000,6.312,6.369,6.216,6.262,6.184,6.105,6.033,5.979,5.924,5.868,5.811,5.755,5.752,5.738,5.694
7/31/2000,6.231,6.354,6.108,6.399,6.339,6.28,6.228,6.2,6.172,6.143,6.114,6.091,6.011,5.918,5.696
6/30/2000,5.865,6.225,6.091,6.48,6.407,6.335,6.267,6.23,6.192,6.153,6.114,6.086,6.05,6.002,5.88
5/31/2000,5.624,6.335,6.298,6.806,6.741,6.679,6.617,6.555,6.493,6.429,6.364,6.313,6.236,6.14,5.897
4/28/2000,5.861,6.118,6.261,6.811,6.745,6.68,6.611,6.536,6.461,6.385,6.307,6.241,6.173,6.084,5.855
3/31/2000,5.88,6.152,6.267,6.6,6.526,6.453,6.381,6.312,6.242,6.17,6.097,6.031,5.99,5.931,5.775
2/29/2000,5.786,6.022,6.268,6.647,6.671,6.698,6.706,6.661,6.616,6.571,6.525,6.48,6.392,6.289,6.031
1/31/2000,5.707,5.908,6.285,6.723,6.752,6.785,6.811,6.804,6.798,6.792,6.786,6.777,6.71,6.635,6.463
12/31/1999,5.339,5.74,5.989,6.355,6.39,6.427,6.464,6.487,6.51,6.534,6.559,6.575,6.579,6.59,6.623
11/30/1999,5.306,5.554,5.714,6.123,6.154,6.188,6.223,6.241,6.26,6.279,6.299,6.315,6.344,6.382,6.48
10/29/1999,5.096,5.278,5.438,5.887,5.947,6.007,6.059,6.075,6.092,6.109,6.128,6.144,6.186,6.239,6.375
9/30/1999,4.856,4.959,5.201,5.695,5.749,5.806,5.862,5.888,5.915,5.944,5.973,6.001,6.052,6.117,6.287
8/31/1999,4.972,5.212,5.308,5.825,5.872,5.922,5.972,5.995,6.018,6.042,6.068,6.093,6.114,6.145,6.229
7/30/1999,4.739,4.888,5.132,5.723,5.784,5.847,5.904,5.927,5.951,5.977,6.003,6.027,6.09,6.167,6.36
6/30/1999,4.784,5.043,5.072,5.608,5.653,5.702,5.75,5.779,5.809,5.84,5.872,5.902,5.957,6.025,6.198
5/31/1999,4.642,4.841,4.984,5.506,5.564,5.624,5.684,5.69,5.697,5.704,5.712,5.721,5.789,5.869,6.067
4/30/1999,4.542,4.659,4.772,5.133,5.19,5.25,5.305,5.335,5.368,5.401,5.435,5.462,5.56,5.675,5.97
3/31/1999,4.48,4.522,4.718,5.064,5.103,5.144,5.185,5.218,5.251,5.286,5.321,5.352,5.474,5.616,5.982
2/26/1999,4.675,4.721,4.877,5.216,5.245,5.273,5.302,5.317,5.332,5.348,5.365,5.382,5.475,5.582,5.856
1/29/1999,4.457,4.455,4.505,4.629,4.62,4.609,4.606,4.63,4.654,4.678,4.703,4.728,4.868,5.027,5.416
12/31/1998,4.458,4.539,4.532,4.586,4.589,4.592,4.598,4.622,4.647,4.672,4.698,4.724,4.868,5.031,5.438
11/30/1998,4.493,4.599,4.502,4.561,4.551,4.542,4.535,4.589,4.643,4.697,4.753,4.808,4.914,5.038,5.351
10/30/1998,4.323,4.358,4.185,4.165,4.207,4.249,4.301,4.39,4.481,4.573,4.667,4.732,4.897,5.091,5.587
9/30/1998,4.366,4.488,4.4,4.321,4.299,4.277,4.264,4.313,4.363,4.414,4.465,4.509,4.683,4.881,5.38
8/31/1998,4.833,4.909,4.859,4.841,4.788,4.825,4.861,4.905,4.949,4.993,5.039,5.076,5.156,5.249,5.488
7/31/1998,5.081,5.2,5.38,5.566,5.544,5.565,5.584,5.581,5.579,5.577,5.575,5.577,5.655,5.742,5.942
6/30/1998,5.083,5.241,5.381,5.556,5.57,5.557,5.545,5.54,5.534,5.529,5.524,5.521,5.586,5.659,5.823
5/29/1998,5.021,5.316,5.424,5.643,5.611,5.621,5.631,5.632,5.632,5.633,5.633,5.635,5.724,5.825,6.062
4/30/1998,4.979,5.233,5.397,5.661,5.696,5.722,5.747,5.75,5.752,5.756,5.759,5.765,5.863,5.974,6.243
3/31/1998,5.125,5.252,5.396,5.653,5.674,5.69,5.706,5.714,5.722,5.73,5.739,5.749,5.846,5.957,6.231
2/27/1998,5.319,5.327,5.401,5.625,5.625,5.656,5.685,5.69,5.695,5.701,5.706,5.713,5.818,5.938,6.239
1/30/1998,5.184,5.23,5.226,5.383,5.411,5.435,5.46,5.492,5.525,5.558,5.592,5.618,5.712,5.822,6.103
12/31/1997,5.352,5.445,5.501,5.738,5.759,5.78,5.802,5.809,5.816,5.823,5.831,5.841,5.901,5.971,6.148
11/28/1997,5.207,5.433,5.515,5.834,5.91,5.922,5.937,5.944,5.951,5.96,5.968,5.978,6.038,6.107,6.288
10/31/1997,5.206,5.316,5.373,5.706,5.788,5.818,5.849,5.867,5.885,5.905,5.925,5.946,6.054,6.182,6.513
9/30/1997,5.105,5.263,5.466,5.882,5.956,6.027,6.102,6.126,6.153,6.18,6.209,6.237,6.334,6.452,6.769
8/29/1997,5.225,5.38,5.585,6.064,6.209,6.277,6.348,6.373,6.398,6.425,6.453,6.482,6.571,6.68,6.983
7/31/1997,5.238,5.318,5.44,5.828,5.895,5.95,6.007,6.033,6.059,6.087,6.116,6.143,6.237,6.352,6.642
6/30/1997,5.176,5.27,5.675,6.189,6.365,6.441,6.521,6.545,6.571,6.599,6.628,6.656,6.75,6.867,7.179
5/30/1997,4.951,5.413,5.782,6.325,6.479,6.559,6.643,6.676,6.712,6.749,6.788,6.828,6.905,7.006,7.284
4/30/1997,5.532,5.532,5.903,6.401,6.553,6.633,6.718,6.749,6.783,6.819,6.856,6.89,6.964,7.06,7.328
3/31/1997,5.539,5.55,6.011,6.554,6.72,6.812,6.908,6.94,6.974,7.011,7.049,7.085,7.14,7.216,7.436
2/28/1997,5.379,5.382,5.673,6.208,6.35,6.436,6.526,6.561,6.598,6.636,6.677,6.718,6.795,6.895,7.181
1/31/1997,5.578,5.578,5.578,6.003,6.176,6.277,6.381,6.439,6.5,6.563,6.629,6.68,6.768,6.884,7.211
12/31/1996,5.178,5.31,5.516,5.979,6.147,6.243,6.344,6.391,6.441,6.493,6.547,6.593,6.655,6.739,6.978
11/29/1996,5.358,5.358,5.372,5.679,5.784,5.862,5.943,5.991,6.041,6.093,6.146,6.196,6.29,6.409,6.737
10/31/1996,5.366,5.366,5.418,5.864,6.01,6.103,6.201,6.26,6.322,6.386,6.452,6.518,6.611,6.732,7.071
9/30/1996,5.691,5.691,5.708,6.239,6.414,6.509,6.608,6.664,6.723,6.784,6.847,6.901,6.961,7.046,7.293
8/30/1996,5.911,5.911,5.925,6.483,6.668,6.776,6.89,6.938,6.988,7.041,7.096,7.146,7.191,7.258,7.46
7/31/1996,6.339,6.339,6.339,6.339,6.515,6.612,6.713,6.764,6.817,6.872,6.929,6.986,7.034,7.103,7.296
6/28/1996,6.226,6.226,6.226,6.226,6.415,6.508,6.605,6.662,6.721,6.783,6.846,6.905,6.944,7.004,7.175
5/31/1996,6.36,6.36,6.36,6.36,6.553,6.667,6.784,6.833,6.884,6.937,6.993,7.048,7.079,7.13,7.279
4/30/1996,6.169,6.169,6.169,6.17,6.329,6.442,6.557,6.617,6.679,6.743,6.81,6.867,6.933,7.026,7.291
3/29/1996,5.145,5.253,5.473,5.896,6.025,6.125,6.225,6.278,6.333,6.39,6.449,6.506,6.612,6.747,7.13
2/29/1996,5.033,5.101,5.242,5.526,5.663,5.757,5.855,5.938,6.025,6.114,6.205,6.297,6.404,6.544,6.949
1/31/1996,5.054,5.047,5.032,5.002,5.136,5.231,5.328,5.408,5.49,5.575,5.662,5.738,5.878,6.051,6.502
12/29/1995,5.082,5.157,5.186,5.243,5.314,5.397,5.482,5.524,5.568,5.613,5.66,5.704,5.826,5.971,6.344
11/30/1995,5.491,5.46,5.456,5.447,5.497,5.56,5.624,5.674,5.726,5.779,5.833,5.888,6.012,6.162,6.557
10/31/1995,5.514,5.569,5.618,5.716,5.805,5.859,5.915,5.966,6.018,6.072,6.127,6.175,6.272,6.393,6.716
9/29/1995,5.417,5.576,5.709,5.98,6.042,6.093,6.144,6.18,6.218,6.256,6.295,6.333,6.438,6.567,6.918
8/31/1995,5.45,5.525,5.675,5.979,6.072,6.134,6.198,6.245,6.294,6.345,6.397,6.449,6.567,6.715,7.131
7/31/1995,5.582,5.596,5.706,5.93,6.126,6.201,6.279,6.343,6.409,6.477,6.547,6.61,6.748,6.923,7.4
6/30/1995,5.573,5.586,5.634,5.815,5.982,6.033,6.086,6.141,6.197,6.255,6.315,6.372,6.509,6.679,7.138
5/31/1995,5.806,5.826,5.791,5.911,6.031,6.102,6.175,6.227,6.281,6.336,6.394,6.451,6.57,6.719,7.126
4/28/1995,5.866,6.08,6.316,6.607,6.864,6.951,7.043,7.083,7.125,7.168,7.214,7.255,7.345,7.463,7.805
3/31/1995,5.876,6.123,6.485,6.793,7.082,7.164,7.25,7.274,7.301,7.329,7.358,7.387,7.465,7.566,7.86
2/28/1995,5.943,6.168,6.422,6.737,7.052,7.132,7.217,7.249,7.284,7.321,7.36,7.399,7.477,7.58,7.889
1/31/1995,6.01,6.416,6.797,7.209,7.558,7.627,7.702,7.712,7.725,7.739,7.755,7.769,7.804,7.854,8
12/30/1994,5.703,6.496,7.195,7.618,8.005,8.013,8.026,8.018,8.011,8.005,8,7.997,8.017,8.044,8.123
11/30/1994,5.725,6.243,6.897,7.365,7.835,7.925,8.023,8.039,8.058,8.079,8.103,8.127,8.147,8.183,8.303
10/31/1994,5.151,5.671,6.15,6.758,7.296,7.506,7.727,7.798,7.875,7.957,8.043,8.115,8.137,8.194,8.403
9/30/1994,4.778,5.423,5.941,6.537,7.099,7.298,7.507,7.576,7.651,7.73,7.814,7.891,7.935,8.017,8.296
8/31/1994,4.668,5.034,5.547,6.077,6.608,6.804,7.009,7.089,7.174,7.263,7.357,7.451,7.516,7.622,7.965
7/29/1994,4.364,4.849,5.373,5.753,6.145,6.548,6.966,7.047,7.133,7.225,7.322,7.404,7.472,7.586,7.899
6/30/1994,4.22,4.807,5.498,6.314,6.59,6.877,7.176,7.255,7.341,7.432,7.527,7.616,7.689,7.808,8.142
5/31/1994,4.249,4.811,5.376,6.12,6.395,6.681,6.977,7.058,7.145,7.237,7.334,7.431,7.501,7.614,7.935
4/29/1994,3.952,4.431,5.092,5.855,6.177,6.51,6.856,6.946,7.041,7.142,7.248,7.338,7.394,7.493,7.781
3/31/1994,3.559,3.925,4.438,5.295,5.662,6.041,6.433,6.546,6.665,6.792,6.924,7.046,7.126,7.259,7.643
2/28/1994,3.434,3.69,3.986,4.742,5.069,5.406,5.753,5.873,5.999,6.13,6.266,6.404,6.555,6.764,7.35
1/31/1994,3.038,3.236,3.515,4.192,4.509,4.834,5.168,5.318,5.473,5.634,5.801,5.906,6.071,6.294,6.908
12/31/1993,3.067,3.299,3.59,4.306,4.65,5.004,5.368,5.504,5.646,5.794,5.948,6.055,6.209,6.418,7.01
11/30/1993,3.212,3.403,3.633,4.288,4.62,4.961,5.312,5.465,5.623,5.788,5.959,6.089,6.213,6.39,6.9
10/29/1993,3.105,3.286,3.473,4.062,4.36,4.666,4.98,5.11,5.244,5.382,5.526,5.649,5.8,6.001,6.563
9/30/1993,2.982,3.13,3.368,3.935,4.251,4.575,4.907,5.041,5.18,5.324,5.473,5.611,5.797,6.039,6.735
8/31/1993,3.076,3.215,3.378,3.918,4.247,4.585,4.931,5.099,5.258,5.399,5.545,5.692,5.873,6.113,6.818
7/30/1993,3.105,3.273,3.529,4.195,4.491,4.894,5.309,5.505,5.69,5.838,5.992,6.095,6.32,6.619,7.48
6/30/1993,3.085,3.212,3.444,4.066,4.41,4.804,5.21,5.443,5.663,5.808,5.96,6.076,6.351,6.712,7.801
5/31/1993,3.115,3.306,3.616,4.322,4.707,5.121,5.548,5.798,6.043,6.193,6.35,6.478,6.729,7.07,8.141
4/30/1993,2.961,3.065,3.263,3.86,4.256,4.765,5.29,5.567,5.851,6.022,6.203,6.361,6.634,7.009,8.223
3/31/1993,2.962,3.088,3.29,4.023,4.446,4.925,5.419,5.703,5.961,6.084,6.215,6.34,6.617,6.989,8.196
2/26/1993,3.005,3.14,3.28,3.971,4.427,4.897,5.382,5.645,5.901,6.038,6.183,6.331,6.599,6.961,8.154
1/29/1993,2.974,3.162,3.365,4.242,4.668,5.203,5.757,5.997,6.243,6.422,6.61,6.732,6.977,7.322,8.452
12/31/1992,3.149,3.382,3.589,4.648,5.171,5.693,6.234,6.492,6.727,6.838,6.957,7.046,7.252,7.545,8.515
11/30/1992,3.345,3.59,3.826,4.888,5.478,5.969,6.479,6.697,6.915,7.056,7.205,7.323,7.507,7.78,8.716
10/30/1992,3.012,3.286,3.517,4.465,4.956,5.531,6.127,6.395,6.671,6.856,7.051,7.22,7.463,7.822,9.068
9/30/1992,2.746,2.911,3.059,3.858,4.35,4.935,5.54,5.902,6.234,6.407,6.589,6.763,7.076,7.516,9.083
8/31/1992,3.229,3.339,3.453,4.205,4.742,5.258,5.792,6.13,6.46,6.645,6.84,7.038,7.259,7.591,8.749
7/31/1992,3.249,3.378,3.625,4.479,4.958,5.351,5.756,6.176,6.603,6.786,6.979,7.146,7.356,7.674,8.659
6/30/1992,3.653,3.778,4.056,4.927,5.432,5.841,6.264,6.704,7.098,7.253,7.418,7.574,7.751,8.033,8.936
5/29/1992,3.775,3.955,4.251,5.292,5.87,6.225,6.594,6.98,7.348,7.473,7.608,7.747,7.875,8.093,8.793
4/30/1992,3.776,3.967,4.319,5.548,6.078,6.441,6.82,7.216,7.619,7.782,7.957,8.059,8.149,8.327,8.933
3/31/1992,4.149,4.328,4.501,5.709,6.255,6.58,6.918,7.272,7.59,7.719,7.857,7.951,8.045,8.217,8.79
2/28/1992,4.024,4.127,4.306,5.35,5.856,6.199,6.556,6.927,7.284,7.416,7.557,7.667,7.802,8.023,8.76
1/31/1992,3.942,4.064,4.199,5.202,5.7,6.072,6.458,6.86,7.269,7.422,7.586,7.725,7.826,8.015,8.667
12/31/1991,3.963,4.013,4.092,4.835,5.151,5.53,5.92,6.326,6.684,6.811,6.947,7.075,7.274,7.564,8.534
11/29/1991,4.469,4.583,4.678,5.479,5.866,6.215,6.578,6.954,7.318,7.479,7.65,7.825,7.964,8.198,9.041
10/31/1991,4.97,5.032,5.093,5.81,6.106,6.436,6.778,7.133,7.493,7.621,7.759,7.877,7.98,8.163,8.787
9/30/1991,5.259,5.328,5.413,6.103,6.363,6.665,6.978,7.303,7.583,7.649,7.721,7.79,7.876,8.022,8.509
8/30/1991,5.489,5.596,5.734,6.468,6.814,7.105,7.407,7.723,8.016,8.063,8.117,8.174,8.212,8.302,8.627
7/31/1991,5.681,5.803,6.15,6.928,7.253,7.516,7.791,8.077,8.366,8.415,8.47,8.517,8.537,8.606,8.861
6/28/1991,5.698,5.94,6.317,7.057,7.462,7.805,8.163,8.329,8.439,8.476,8.518,8.558,8.586,8.653,8.898
5/31/1991,5.698,5.941,6.182,6.836,7.263,7.614,7.98,8.134,8.249,8.29,8.336,8.383,8.421,8.502,8.787
4/30/1991,5.692,5.824,6.033,6.928,7.228,7.542,7.868,8.065,8.222,8.258,8.3,8.336,8.358,8.419,8.637
3/29/1991,5.938,6.057,6.256,7.201,7.473,7.734,8.007,8.133,8.246,8.282,8.323,8.362,8.399,8.472,8.723
2/28/1991,6.266,6.374,6.458,7.247,7.496,7.707,7.928,8.061,8.19,8.234,8.281,8.331,8.361,8.427,8.657
1/31/1991,6.387,6.488,6.506,7.202,7.411,7.616,7.83,7.988,8.148,8.204,8.265,8.317,8.352,8.426,8.665
12/31/1990,6.642,6.742,6.867,7.389,7.525,7.705,7.893,8.108,8.289,8.308,8.331,8.355,8.395,8.47,8.709
11/30/1990,7.267,7.388,7.351,7.758,7.902,8.049,8.201,8.317,8.427,8.456,8.488,8.521,8.555,8.618,8.821
10/31/1990,7.34,7.454,7.397,7.912,8.102,8.277,8.459,8.621,8.785,8.843,8.905,8.957,8.973,9.025,9.224
9/28/1990,7.356,7.537,7.664,8.179,8.352,8.526,8.707,8.788,8.874,8.965,9.06,9.149,9.169,9.229,9.46
8/31/1990,7.617,7.742,7.763,8.256,8.455,8.561,8.673,8.773,8.877,8.987,9.102,9.218,9.225,9.274,9.478
7/31/1990,7.731,7.706,7.851,8.053,8.169,8.235,8.304,8.363,8.425,8.489,8.556,8.611,8.613,8.635,8.722
6/29/1990,7.997,8.005,8.032,8.414,8.477,8.504,8.533,8.551,8.57,8.59,8.611,8.63,8.614,8.604,8.585
5/31/1990,8.023,8.164,8.23,8.693,8.731,8.74,8.751,8.765,8.781,8.797,8.815,8.832,8.816,8.804,8.777
4/30/1990,8.037,8.393,8.544,9.186,9.256,9.237,9.221,9.226,9.231,9.238,9.245,9.25,9.233,9.217,9.175
3/30/1990,8.049,8.222,8.339,8.841,8.87,8.853,8.838,8.834,8.832,8.829,8.827,8.824,8.824,8.824,8.824
2/28/1990,8.035,8.143,8.114,8.631,8.641,8.642,8.645,8.661,8.678,8.695,8.714,8.732,8.735,8.746,8.784
1/31/1990,8.017,8.122,8.079,8.45,8.528,8.515,8.503,8.53,8.558,8.586,8.616,8.64,8.644,8.656,8.7
12/29/1989,7.786,7.861,7.821,8.011,8.036,8.012,7.988,8.016,8.044,8.074,8.104,8.131,8.139,8.156,8.209
11/30/1989,7.843,7.781,7.702,7.898,7.89,7.885,7.881,7.907,7.934,7.961,7.989,8.017,8.034,8.061,8.142
10/31/1989,8.037,8.001,7.884,8.035,8.075,8.037,7.999,8.018,8.036,8.055,8.074,8.089,8.083,8.08,8.075
9/29/1989,8.176,8.357,8.473,8.641,8.619,8.555,8.491,8.484,8.475,8.466,8.456,8.447,8.433,8.412,8.349
8/31/1989,8.16,8.22,8.305,8.596,8.538,8.484,8.43,8.429,8.427,8.425,8.422,8.419,8.404,8.383,8.323
7/31/1989,8.047,7.843,7.64,7.668,7.708,7.701,7.693,7.762,7.831,7.903,7.977,8.038,8.063,8.109,8.249
6/30/1989,8.239,8.128,8.122,8.216,8.186,8.182,8.178,8.195,8.213,8.231,8.25,8.266,8.244,8.221,8.169
5/31/1989,8.913,8.86,8.857,9.012,8.957,8.887,8.816,8.808,8.8,8.79,8.78,8.77,8.777,8.779,8.779
4/28/1989,8.778,9.049,9.426,9.508,9.428,9.359,9.289,9.281,9.272,9.262,9.252,9.241,9.195,9.134,8.958
3/31/1989,9.19,9.503,9.837,9.92,9.826,9.751,9.673,9.625,9.576,9.524,9.47,9.42,9.365,9.281,9.022
